last_Name,first_Name,Email_Address,HomePhone,Street,City,State,Zipcode
browne,mary,arnfe015@jumpstartlab.com,4197069000,box 1117 westminster college,new wilmington,pa,16172
campbell,mary,lcanhook@jumpstartlab.com,6469246000,mb 1616 brandeis university,waltham,ma,02454
joyce,mary,fseff07438@jumpstartlab.com,5162338000,20 court street,geneseo,ny,14454
schuster,mary,eoiyu.xu@jumpstartlab.com,8579285000,45 wyllys ave,middletown,ct,06459
grant,mary,ogtedtle@jumpstartlab.com,7168619000,405 w green st,ithaca,ny,14850
jolly,mary,fxmasterson@jumpstartlab.com,9566395000,520 woodward ave. apt. 1634,austin,tx,78704
corrado,mary,rcblanton@jumpstartlab.com,2177782000,2 e. south street k 1316,galesburg,il,61401
ther,mary,hobdul27@jumpstartlab.com,2024942000,1858 california st. nw #41,washington,dc,20009
coomer,mary,oered.schor@jumpstartlab.com,000,155 indian avenue,lawrence,ks,66046
bell,mary,cfeckerp@jumpstartlab.com,3016131000,x,x,md,21216
skaggs,mary,ijlldurrett@jumpstartlab.com,3016131000,x,x,md,21216
shpino,mary,nrr11388@jumpstartlab.com,7032098000,null,null,va,24060
costantini,mary,hvoe13@jumpstartlab.com,9522501000,box 0336 gettysburg college,gettysburg,pa,17325
bastias,mary,gorench@jumpstartlab.com,6177212000,28 state st. apt 2,portland,me,04101
gray,mary,fuushma1@jumpstartlab.com,7168122000,3710 main street,amherst,ny,14226
rodgers,mary,ecbdulwa@jumpstartlab.com,4849953000,142 mt. philo rd,charlotte,vt,05445
